Metrica,Prima,Dopo
Accuracy,91.13,91.3
Precision,80.78999999999999,80.82000000000001
Recall,96.3,96.89999999999999
Specificity,88.55,88.5
F1 Score,87.8658,87.8658
