Metrica,Prima,Dopo
Accuracy,78.47,78.36999999999999
Precision,70.02000000000001,69.35
Recall,61.9,62.9
Specificity,86.75,86.1
F1 Score,65.7101,65.7101
