Accuracy,Precision,Recall,Specificity,F1 Score
51.25999999999999,50.739999999999995,86.33999999999999,16.1743,63.9173
