Accuracy,Precision,Recall,Specificity,F1 Score
49.419999999999995,49.669999999999995,86.06,12.7889,62.9868
