Accuracy,Precision,Recall,Specificity,F1 Score
50.970000000000006,51.080000000000005,46.04,55.9019,48.4292
