Accuracy,Precision,Recall,Specificity,F1 Score
50.14999999999999,50.14999999999999,50.74999999999999,49.55,50.4482
