Accuracy,Precision,Recall,Specificity,F1 Score
50.03999999999999,50.03999999999999,50.11,49.98,50.075
